MidDistance,Correlation
1995,0.08629392
2850,0.048882656
4225,0.035629393
5480,0.080159052
6705,-0.005707529
7910,0.028769082
8145,0.018989955
9510,0.03094854
11130,0.030983676
11625,0.020500316
12425,-0.00764481
14190,-0.011577022
15495,0.028864893
16050,0.014560992
16760,-0.004448081
17245,0.001283928
17680,-0.021604685
18110,-0.000596432
18465,0.011979654
18725,-0.024877038
18990,0.012765066
19365,-0.015863423
20040,0.007521995
20725,-0.031325751
21440,0.051830298
22235,0.069057559
22830,0.097071031
23520,0.004982695
24085,0.037119482
24325,0.031419546
24355,0.013424263
24430,0.040666958
24495,0.058726996
25030,0.018404529
25570,-0.00788103
855,0.244698155
2230,0.028092811
3485,-0.027587183
4710,0.041430336
5915,0.13429227
6150,0.096741758
7515,-0.014390421
9135,0.010852436
9630,0.011593167
10430,0.00718184
12195,0.059262991
13500,0.105739267
14055,0.05740422
14765,0.080670184
15250,0.09492477
15685,0.019480788
16115,0.002756069
16470,0.014665622
16730,0.056096439
16995,0.028035208
17370,0.056142343
18045,0.049787682
18730,0.081820913
19445,0.082182685
20240,0.136305218
20835,0.106836179
21525,-0.006691845
22090,0.020744115
22330,-0.009368211
22360,0.04358405
22435,-0.010664496
22500,-0.039978275
23035,-0.05118488
23575,0.03585713
1375,0.164634833
2630,0.080951371
3855,-0.011200745
5060,0.134880644
5295,0.103654312
6660,-0.001034266
8280,0.00812653
8775,-0.034549777
9575,-0.005180157
11340,0.012399259
12645,0.10074128
13200,0.072256634
13910,0.078569234
14395,0.096780887
14830,0.037184971
15260,0.021438652
15615,0.039174037
15875,0.059699052
16140,0.06159225
16515,0.064949646
17190,0.041017288
17875,0.08647591
18590,0.061653587
19385,0.105005779
19980,0.134928416
20670,0.033016859
21235,0.005545483
21475,-0.0230352
21505,0.031081122
21580,-0.004938148
21645,-0.021593186
22180,-0.051266008
22720,-0.000812704
1255,0.115275673
2480,0.004752238
3685,0.072227095
3920,0.126478647
5285,0.034188361
6905,-0.02453381
7400,0.016371857
8200,0.008732392
9965,0.018645818
11270,0.0153321
11825,0.015794782
12535,0.001632223
13020,0.027658027
13455,0.025716514
13885,-0.018293892
14240,-0.012123078
14500,-0.011104483
14765,0.205573197
15140,-0.010005061
15815,5.70198E-06
16500,-0.017006851
17215,-0.007196404
18010,0.03000533
18605,0.038501308
19295,0.048913381
19860,-0.010302723
20100,0.098053865
20130,0.086170849
20205,0.034295873
20270,-0.02034164
20805,-0.042138858
21345,0.033027533
1225,0.094773352
2430,-0.004047661
2665,-0.01421463
4030,0.070624158
5650,-0.047514693
6145,-0.036480735
6945,0.026575666
8710,-0.032305275
10015,-0.053441637
10570,0.013457118
11280,-0.061471223
11765,-0.064402204
12200,0.012265634
12630,0.004365221
12985,0.018160952
13245,0.057977126
13510,0.035568966
13885,-0.034936559
14560,0.000639065
15245,-0.084448622
15960,-0.037048008
16755,-0.021684066
17350,0.00453206
18040,0.008768558
18605,0.093818294
18845,0.173079542
18875,0.09313224
18950,0.178545563
19015,0.192624307
19550,0.180029272
20090,-0.030230378
1205,0.246390378
1440,0.150078671
2805,0.003988134
4425,0.006142998
4920,0.061339913
5720,0.018418312
7485,-0.010553417
8790,0.011727827
9345,0.054161574
10055,0.015771167
10540,0.01492067
10975,0.024252948
11405,0.018556931
11760,0.012835707
12020,0.004245417
12285,0.000894285
12660,0.026693777
13335,0.091715629
14020,0.038323669
14735,0.032864889
15530,0.068733691
16125,0.057854907
16815,0.005974809
17380,0.007907721
17620,-0.011628387
17650,0.031020762
17725,-0.017911808
17790,-0.002718587
18325,-0.019069687
18865,-0.026797535
235,0.391094238
1600,0.041912139
3220,0.018332327
3715,0.067551429
4515,0.116079497
6280,0.074880706
7585,0.140931143
8140,0.183566673
8850,0.222339515
9335,0.267252748
9770,0.110640299
10200,0.045406748
10555,0.04482577
10815,0.012749537
11080,0.107850375
11455,0.202100523
12130,0.209565585
12815,0.142640863
13530,0.172487309
14325,0.298537842
14920,0.272140206
15610,0.156520514
16175,0.066157176
16415,0.063802667
16445,0.088576503
16520,0.021576428
16585,0.000226174
17120,-0.008357236
17660,0.04479973
1365,0.102428849
2985,0.041415658
3480,0.085644713
4280,0.043415776
6045,0.003767557
7350,0.11453485
7905,0.224573145
8615,0.210940897
9100,0.276764425
9535,0.079528144
9965,0.061232048
10320,0.058611066
10580,0.070608642
10845,0.195178533
11220,0.199546191
11895,0.210635624
12580,0.099354183
13295,0.151553273
14090,0.237106777
14685,0.233022815
15375,0.148681363
15940,0.035683311
16180,-0.016469971
16210,0.050090268
16285,-0.008003948
16350,-0.027198249
16885,-0.03344749
17425,0.081590125
1620,0.028206241
2115,0.027093248
2915,-0.018592595
4680,-0.037919664
5985,0.013840685
6540,0.153274567
7250,0.031466619
7735,0.039878254
8170,0.026392452
8600,0.006607176
8955,0.006917509
9215,-0.011574473
9480,0.045809479
9855,0.033852448
10530,0.024781379
11215,0.029899668
11930,0.018469681
12725,0.028319154
13320,0.023440554
14010,0.022998684
14575,-0.013713435
14815,0.002345722
14845,0.022244478
14920,-0.044193584
14985,-0.025284916
15520,-0.015012672
16060,-0.001474748
495,0.127126821
1295,0.041959355
3060,-0.015420444
4365,0.070456666
4920,0.096402823
5630,0.110943922
6115,0.037874195
6550,0.02037579
6980,0.005665616
7335,0.023133802
7595,0.032700244
7860,0.035047665
8235,0.067107493
8910,0.110913952
9595,0.040568405
10310,0.060444593
11105,0.075724445
11700,0.073069483
12390,0.099470165
12955,0.063214186
13195,0.005654379
13225,0.023300594
13300,-0.018199199
13365,0.013997271
13900,-0.010596059
14440,0.045810853
800,0.192681974
2565,-0.003134114
3870,0.018269437
4425,0.064316818
5135,0.101633212
5620,0.097426762
6055,0.024069931
6485,0.026441696
6840,0.03562161
7100,0.021667089
7365,0.046595629
7740,0.072174526
8415,0.10416343
9100,0.068893217
9815,0.10269763
10610,0.104631754
11205,0.133795801
11895,0.074162701
12460,0.045404883
12700,-0.012222344
12730,0.032026193
12805,-0.001712969
12870,0.003983382
13405,0.006563146
13945,0.01139269
1765,0.249095624
3070,0.051416429
3625,0.039269025
4335,0.071061415
4820,0.090772158
5255,0.044189117
5685,0.002151745
6040,0.013997076
6300,0.04981768
6565,0.014129192
6940,0.068093524
7615,0.031863419
8300,-0.010342902
9015,0.037182242
9810,0.049031789
10405,0.059213672
11095,0.026495102
11660,0.027566057
11900,-0.002736612
11930,0.065681018
12005,0.04013564
12070,0.033901587
12605,0.040383687
13145,-0.016068315
1305,0.138614689
1860,0.002375701
2570,0.014506595
3055,0.059765197
3490,0.011802859
3920,0.001094494
4275,-0.012646245
4535,-0.015426984
4800,-0.016972928
5175,0.052186712
5850,0.007968572
6535,-0.029763258
7250,-0.009324472
8045,0.028584753
8640,0.007597738
9330,-0.025169205
9895,0.017878582
10135,0.036252697
10165,0.010174493
10240,-0.009040201
10305,-0.031224139
10840,-0.026687655
11380,0.013275496
555,0.29858413
1265,0.192966199
1750,0.147084476
2185,0.077656667
2615,0.031671301
2970,0.083453452
3230,0.073742106
3495,0.14056424
3870,0.169352383
4545,0.158623476
5230,0.104230876
5945,0.154740615
6740,0.219279416
7335,0.231756428
8025,0.179207325
8590,0.107399203
8830,0.066371336
8860,0.121481573
8935,0.078821167
9000,0.016266437
9535,0.000839465
10075,0.108054605
710,0.434223902
1195,0.189393674
1630,0.248360154
2060,0.16001978
2415,0.167819058
2675,0.106949969
2940,0.214189821
3315,0.155051944
3990,0.173961614
4675,0.101217007
5390,0.144681687
6185,0.192186653
6780,0.178916584
7470,0.135254902
8035,0.057633796
8275,0.026713382
8305,0.114752563
8380,0.04316825
8445,0.03185032
8980,0.000364644
9520,0.103862861
485,0.340929876
920,0.288926963
1350,0.220951766
1705,0.233365049
1965,0.131260037
2230,0.252260326
2605,0.194776052
3280,0.181367787
3965,0.11798571
4680,0.163027365
5475,0.240754933
6070,0.237573404
6760,0.166090115
7325,0.108332319
7565,0.023419697
7595,0.073522573
7670,0.042840573
7735,0.02984128
8270,-0.025782556
8810,0.10655882
435,0.263914686
865,0.096649857
1220,0.104930352
1480,0.053357111
1745,0.141826126
2120,0.165834355
2795,0.212194648
3480,0.134432737
4195,0.199734372
4990,0.28168357
5585,0.260669228
6275,0.198790877
6840,0.132503532
7080,0.078160468
7110,0.073879514
7185,0.056720083
7250,0.034731726
7785,-0.022045262
8325,0.124175416
430,0.432069019
785,0.359670548
1045,0.19712202
1310,0.186576984
1685,0.130488342
2360,0.121503937
3045,0.097867772
3760,0.128066161
4555,0.139332613
5150,0.095969853
5840,0.044177387
6405,0.053590848
6645,0.029300568
6675,0.092731489
6750,0.052460152
6815,0.042336781
7350,0.02497637
7890,0.064476165
355,0.601729848
615,0.308863416
880,0.365249574
1255,0.221334696
1930,0.057708822
2615,0.02199929
3330,0.004425349
4125,0.022534444
4720,0.022161608
5410,-0.015322368
5975,0.033127618
6215,0.026366863
6245,0.008838912
6320,0.008387362
6385,0.031606563
6920,-0.005186427
7460,0.026399809
260,0.46947617
525,0.423619556
900,0.242238185
1575,0.084873943
2260,0.005755622
2975,0.011563683
3770,0.036814413
4365,0.048679395
5055,0.003256302
5620,0.001111012
5860,0.034281746
5890,0.018650591
5965,0.01167908
6030,0.010544676
6565,-0.007260205
7105,0.019944327
265,0.345076257
640,0.219894871
1315,0.126569416
2000,0.032244618
2715,0.040449731
3510,0.08031003
4105,0.094824421
4795,0.06406576
5360,0.031977721
5600,0.009682896
5630,0.003780078
5705,-0.001406517
5770,-0.016259731
6305,-0.042768798
6845,0.012395575
375,0.458380349
1050,0.214995157
1735,0.017163069
2450,0.065618531
3245,0.133592812
3840,0.179177358
4530,0.140847846
5095,0.06073944
5335,0.050059601
5365,0.060894678
5440,0.089861568
5505,0.056389589
6040,-0.019070028
6580,0.057972327
675,0.334508543
1360,0.131398627
2075,0.190729771
2870,0.24564484
3465,0.256779381
4155,0.209958013
4720,0.109950769
4960,0.047101913
4990,0.116891127
5065,0.049180519
5130,0.013650529
5665,0.008017549
6205,0.078751242
685,0.208843339
1400,0.338785272
2195,0.435401266
2790,0.421691188
3480,0.218699925
4045,0.164419987
4285,0.048415308
4315,0.144008623
4390,0.056842816
4455,-0.012762225
4990,-0.045583345
5530,0.119010018
715,0.28370872
1510,0.203975923
2105,0.177849743
2795,0.112156894
3360,0.042090824
3600,-0.058324165
3630,0.084806458
3705,-8.02374E-05
3770,-0.053634968
4305,-0.059180229
4845,0.048340987
795,0.566317128
1390,0.37005627
2080,0.212459666
2645,0.089094816
2885,0.021634473
2915,0.072983426
2990,-0.00939294
3055,-0.0482893
3590,-0.077981849
4130,0.151040975
595,0.595282802
1285,0.312455626
1850,0.192472887
2090,0.058488719
2120,0.129920502
2195,0.087726135
2260,-0.008370327
2795,-0.034309223
3335,0.1708438
690,0.325807888
1255,0.17391618
1495,0.045061484
1525,0.12694781
1600,0.070369236
1665,0.010707016
2200,-0.025497088
2740,0.131065864
565,0.31237231
805,0.14987369
835,0.205695888
910,0.256815075
975,0.204094442
1510,0.143803586
2050,0.141995533
240,0.395984417
270,0.275988258
345,0.427153922
410,0.384848662
945,0.261320208
1485,0.075441882
30,0.43447833
105,0.461260517
170,0.362677218
705,0.265705315
1245,0.113245147
75,0.639477087
140,0.490268096
675,0.373613918
1215,0.153475948
65,0.804345809
600,0.66761547
1140,0.166465438
535,0.81107319
1075,0.155663471
540,0.195293866
105,0.178947156
625,-0.034196242
1440,0.065087895
2865,0.078892544
5275,0.002457809
7300,0.076510591
8890,0.050457755
10560,-0.03807784
12115,0.067214837
13965,0.087544025
15430,-0.029678426
520,0.039957836
1335,-0.000495329
2760,0.081150857
5170,-0.048952251
7195,-0.007561901
8785,0.037167522
10455,-0.038486872
12010,0.009761278
13860,-0.036578131
15325,0.021018294
815,0.137929734
2240,0.088489745
4650,0.01452901
6675,-0.056907467
8265,0.038847161
9935,0.010496546
11490,-0.026992916
13340,-6.06768E-05
14805,0.072642717
1425,0.178356044
3835,0.038145167
5860,2.83727E-05
7450,-0.012965697
9120,0.024952564
10675,0.024574306
12525,0.058689572
13990,0.053982898
2410,0.096909748
4435,0.019502974
6025,0.021859566
7695,0.009564792
9250,0.012207751
11100,0.034336234
12565,0.074445333
2025,0.108910315
3615,0.043357062
5285,0.073267052
6840,0.037054088
8690,0.068243317
10155,0.01036716
1590,0.132152039
3260,0.012495253
4815,0.045932447
6665,0.108457593
8130,-0.043246709
1670,0.063916604
3225,-0.04591357
5075,-0.02516507
6540,0.089456532
1555,0.121062448
3405,0.033468714
4870,0.094297256
1850,0.220941668
3315,-0.006441427
1465,0.053688731
430,-0.037862289
870,0.035950015
1580,-0.050480883
2340,-0.027389317
3200,-0.065127527
4955,-0.171074021
7095,0.075307814
8490,0.033592533
8995,0.016718099
9395,-0.114144511
9850,-0.010273457
10255,0.029179222
10450,-0.07088705
10575,-0.069037246
10900,-0.046883851
11705,-0.046230786
12795,0.167465247
13680,0.014795658
14510,0.02976924
15145,-0.002746177
15605,-0.014398112
16030,0.111446912
440,0.208608636
1150,-0.033395332
1910,0.065596391
2770,0.075033338
4525,0.165406409
6665,0.066964356
8060,0.15923895
8565,0.149832971
8965,0.118797368
9420,0.042341611
9825,0.05956466
10020,0.145330378
10145,0.014201635
10470,0.065463227
11275,0.106945561
12365,0.006192164
13250,0.089738361
14080,0.096980837
14715,0.131130486
15175,0.002478371
15600,-0.008156519
710,0.132850647
1470,0.044135876
2330,0.107554897
4085,0.057243531
6225,0.052704375
7620,0.04557357
8125,0.062408027
8525,-0.00297133
8980,-0.019361398
9385,-0.002658178
9580,0.15345981
9705,0.083367139
10030,-0.00575259
10835,0.03034501
11925,0.071594617
12810,-0.030043391
13640,0.047942353
14275,0.050281842
14735,-0.036151229
15160,-0.023664007
760,0.113394685
1620,0.05341595
3375,0.028913336
5515,0.026452572
6910,0.025694236
7415,0.038936562
7815,0.018221395
8270,-0.00555161
8675,-0.000826875
8870,0.027376925
8995,-0.002827145
9320,0.005081581
10125,0.014260324
11215,0.029077004
12100,-0.003879066
12930,-0.018487788
13565,-0.002541867
14025,-0.012577942
14450,0.021282928
860,0.065525491
2615,-0.023603799
4755,0.008143265
6150,0.068169321
6655,0.081847487
7055,0.048312549
7510,0.016127736
7915,0.038508146
8110,0.004783182
8235,-0.042355514
8560,-0.004199833
9365,0.111312125
10455,0.043015893
11340,0.056666532
12170,0.091007679
12805,0.01022177
13265,-0.056625494
13690,-0.021564684
1755,0.105482155
3895,0.066128649
5290,0.081543333
5795,0.13217294
6195,0.050310293
6650,0.029151854
7055,-0.005306378
7250,0.140616473
7375,-0.004094009
7700,0.054687552
8505,0.087929376
9595,0.07133739
10480,0.061368236
11310,0.089877737
11945,0.106296578
12405,0.087578625
12830,-0.00525536
2140,0.20200035
3535,0.284340209
4040,0.113062004
4440,0.235803158
4895,0.099212004
5300,0.075795591
5495,0.192415222
5620,0.148601426
5945,0.049797946
6750,0.168472311
7840,0.012351679
8725,0.16302392
9555,0.139502488
10190,0.064499145
10650,0.103908537
11075,-0.042610028
1395,0.684660438
1900,0.443761625
2300,0.256007862
2755,0.294059551
3160,0.226116173
3355,0.261261601
3480,0.042631964
3805,0.111095277
4610,0.335089611
5700,0.381291352
6585,0.17266962
7415,0.256900407
8050,0.145925381
8510,0.105252566
8935,0.056926264
505,0.688924394
905,0.457603405
1360,0.418339644
1765,0.293134745
1960,0.212409611
2085,0.008783897
2410,0.155338246
3215,0.444195059
4305,0.364987497
5190,0.204506257
6020,0.350867047
6655,0.301289833
7115,0.199216734
7540,0.039295746
400,0.414698682
855,0.372415013
1260,0.287110148
1455,0.138178627
1580,-0.013880032
1905,0.089844962
2710,0.340520915
3800,0.298303759
4685,0.253314354
5515,0.376007803
6150,0.287359787
6610,0.153977423
7035,0.050874844
455,0.480335284
860,0.192808272
1055,0.105667057
1180,0.012921887
1505,0.041890693
2310,0.162369171
3400,0.063805784
4285,0.112863671
5115,0.189642995
5750,0.172851249
6210,0.107675817
6635,0.032689617
405,0.337984511
600,0.076989407
725,0.008087879
1050,0.03366837
1855,0.11266478
2945,0.10851539
3830,0.064098256
4660,0.134986279
5295,0.12716798
5755,0.126527145
6180,0.092181684
195,0.198279127
320,-0.020140522
645,0.047071107
1450,0.138960127
2540,0.145548591
3425,0.099972225
4255,0.161643006
4890,0.110014
5350,0.054079515
5775,0.076316168
125,0.278348691
450,0.115964827
1255,0.0558731
2345,0.143442664
3230,0.085989421
4060,0.095551766
4695,0.081789033
5155,-0.024598859
5580,-0.002368658
325,0.09905507
1130,-0.039006984
2220,0.00330482
3105,-0.04618911
3935,-0.040095002
4570,-0.068301219
5030,-0.073744001
5455,0.024164283
805,0.111381332
1895,0.071618837
2780,-0.00511538
3610,0.076849631
4245,0.13171587
4705,0.113095315
5130,-0.0135514
1090,0.288830396
1975,0.143077911
2805,0.322279045
3440,0.19253225
3900,0.110720318
4325,0.026298419
885,0.220820694
1715,0.219280006
2350,0.14727139
2810,0.118008951
3235,0.053317269
830,0.206249492
1465,0.065483783
1925,0.046247227
2350,-0.015582344
635,0.305272541
1095,0.186218867
1520,0.140294111
460,0.22603435
885,0.015594922
425,0.191830984
635,0.233149278
2285,0.043998673
4440,0.03086387
5560,0.106524764
6160,0.03815841
6735,0.032732305
7075,0.006687597
7215,-0.082165126
7660,0.008136384
8370,0.042951074
8990,0.125032399
9800,0.098000138
10830,0.026398647
11550,0.055583281
11825,0.032052791
11940,-0.027633721
12345,0.039021188
12930,0.03952938
13265,0.059771231
13470,0.022696746
13600,0.084922909
1650,0.038224625
3805,0.028015482
4925,0.067114856
5525,0.019301683
6100,0.052699614
6440,0.005903383
6580,0.032843934
7025,0.070771086
7735,0.109419816
8355,0.07908439
9165,0.029211261
10195,0.061547098
10915,0.081111181
11190,0.000602554
11305,-0.029912441
11710,0.024516954
12295,0.068070333
12630,0.048383722
12835,0.001098494
12965,0.010204788
2155,0.025975518
3275,0.04209435
3875,0.037528409
4450,0.041442922
4790,0.041467985
4930,0.155369204
5375,0.110402733
6085,0.05813367
6705,-0.017451859
7515,0.042576432
8545,0.043016974
9265,0.016238059
9540,0.027334081
9655,-0.02723307
10060,0.002566117
10645,-0.037059712
10980,0.060259279
11185,0.014625582
11315,0.025464568
1120,0.421450407
1720,0.067463884
2295,-0.009178097
2635,0.050228642
2775,0.002259789
3220,0.017951159
3930,0.136118478
4550,0.032584143
5360,0.062040664
6390,-0.013471722
7110,0.077684503
7385,0.035357003
7500,-0.002654996
7905,-0.016571624
8490,-0.097502679
8825,0.081790329
9030,0.076164153
9160,-0.001929022
600,0.361402275
1175,0.218467533
1515,0.078210531
1655,0.010009735
2100,0.105949505
2810,0.251544126
3430,0.155228219
4240,0.179114409
5270,0.017429091
5990,0.14737809
6265,0.051605345
6380,-0.076912524
6785,0.011147431
7370,0.040486045
7705,0.137450309
7910,0.069738464
8040,-0.012702493
575,0.490174167
915,0.136878198
1055,0.119578352
1500,0.082963874
2210,0.095969269
2830,0.172863689
3640,0.16861518
4670,0.184334404
5390,0.167508652
5665,0.032606589
5780,0.006496685
6185,0.030609254
6770,0.042514959
7105,0.023472673
7310,0.020951573
7440,0.033952335
340,0.290726232
480,0.284035928
925,0.193784764
1635,0.101107982
2255,0.23690549
3065,0.185069035
4095,0.402189047
4815,0.250103821
5090,0.010485859
5205,0.069135608
5610,-0.005567435
6195,0.079965566
6530,-0.029227579
6735,-0.013378376
6865,0.036840171
140,0.223599334
585,-0.000834838
1295,0.046467045
1915,0.11947039
2725,0.036218178
3755,0.085781647
4475,0.081430934
4750,0.00093322
4865,0.001072861
5270,0.025564359
5855,0.124570936
6190,-0.005572215
6395,0.0443657
6525,-0.027150685
445,0.222202812
1155,0.024706167
1775,0.120769839
2585,0.167555296
3615,0.346246588
4335,0.201309024
4610,0.008982663
4725,0.083751933
5130,-0.031804572
5715,0.022252108
6050,-0.083213594
6255,0.005222894
6385,0.030915848
710,0.275180359
1330,0.140650626
2140,0.17650297
3170,0.216473381
3890,0.218611829
4165,0.0500767
4280,0.000494656
4685,0.028156422
5270,-0.05061322
5605,0.02442845
5810,0.034200296
5940,0.021816681
620,0.253124376
1430,0.12681098
2460,0.080844727
3180,0.223757434
3455,0.140646336
3570,-0.005709313
3975,0.009587429
4560,0.055596599
4895,0.081430905
5100,0.04324802
5230,0.003752269
810,0.274328015
1840,0.270709396
2560,0.283571598
2835,0.101886288
2950,0.049106055
3355,0.08216768
3940,0.304728636
4275,-0.003187122
4480,0.029708775
4610,0.009022046
1030,0.557062116
1750,0.32811527
2025,0.098357759
2140,0.084849517
2545,0.060657053
3130,0.047624177
3465,0.034495449
3670,0.070407285
3800,0.038549242
720,0.448122934
995,0.063257733
1110,0.185951411
1515,0.010680062
2100,0.043573361
2435,-0.096709309
2640,0.042866549
2770,0.042607218
275,0.356877327
390,0.204745239
795,0.010547686
1380,0.052887795
1715,0.034636706
1920,0.063292393
2050,0.040700137
115,0.443444759
520,-0.015490845
1105,-0.011745517
1440,0.025348978
1645,0.038462499
1775,-0.00172074
405,0.026982805
990,-0.00218473
1325,-0.072106657
1530,-0.000108877
1660,0.003485588
585,0.113522589
920,0.038027932
1125,0.058289275
1255,-0.010622053
335,0.085454559
540,0.038046199
670,0.017744826
205,0.477188789
335,0.053437696
130,0.296532393
18895,0.032892113
25805,0.050558406
26010,0.053990647
26110,0.065871021
26800,-0.007175634
27635,0.065542334
28150,0.022304055
28760,-0.001397814
29665,0.053709834
30495,0.007049352
31450,0.001582903
32285,0.041224011
33035,0.032404979
34505,0.043623701
6910,0.06632919
7115,0.027782633
7215,0.012787533
7905,0.048191081
8740,0.011293173
9255,0.021580438
9865,-0.009186982
10770,0.026124616
11600,-0.011872617
12555,0.021371487
13390,0.047151781
14140,0.051429037
15610,0.011721727
205,0.30842606
305,0.116122268
995,-0.011467635
1830,0.095699425
2345,-0.036219311
2955,-0.02922314
3860,0.104055762
4690,-0.047991465
5645,-0.125510018
6480,0.122895558
7230,0.036922239
8700,0.162950406
100,0.302422281
790,0.057313668
1625,0.051878572
2140,0.026311144
2750,-0.008397147
3655,0.056879298
4485,0.01508779
5440,0.000519117
6275,0.106710291
7025,0.030764226
8495,0.052928998
690,0.123663728
1525,0.09602454
2040,0.076032317
2650,-0.011381774
3555,0.068033427
4385,0.067602088
5340,0.197001719
6175,0.133542081
6925,0.044128235
8395,0.004005044
835,0.178293093
1350,0.023038787
1960,0.017412307
2865,0.142425096
3695,0.067643634
4650,0.113714836
5485,0.245439178
6235,0.163400614
7705,-0.00477483
515,0.249735769
1125,-0.009008557
2030,0.135950176
2860,0.028964122
3815,0.017038384
4650,0.226058864
5400,0.083641045
6870,0.068771026
610,0.10061643
1515,0.066710506
2345,0.033139117
3300,0.058317716
4135,0.041517819
4885,-0.020789754
6355,-0.036888626
905,0.043133764
1735,0.033820355
2690,0.061086653
3525,-0.009893181
4275,0.019170813
5745,-0.009019835
830,0.236218314
1785,0.136656683
2620,0.269489054
3370,0.121561637
4840,0.032116215
955,0.232497316
1790,0.142827484
2540,0.032729916
4010,-0.006129778
835,0.3473855
1585,0.120265273
3055,-0.03957267
750,0.286003778
2220,0.093315475
1470,0.08718723
1065,0.157744458
1730,0.011848133
2905,0.042735319
3885,0.01590499
4150,0.050890093
4665,0.097386487
5435,0.156108275
6505,0.211376068
7315,0.077503371
7980,0.151504161
8770,0.178889657
9565,0.210268766
10150,0.00198061
10245,0.071292073
665,0.117733311
1840,0.08284009
2820,0.131881175
3085,0.000618817
3600,0.062367913
4370,0.098518724
5440,0.110720402
6250,0.054133073
6915,0.144207957
7705,0.137757995
8500,0.18275569
9085,0.136288577
9180,0.060923195
1175,0.179333468
2155,0.029527562
2420,0.006648346
2935,0.051198922
3705,0.030506584
4775,0.014670695
5585,0.046565643
6250,0.04710595
7040,0.109299966
7835,0.082779113
8420,-0.019307267
8515,0.003546045
980,0.116528241
1245,-0.034996782
1760,0.125009914
2530,0.090634119
3600,0.179643031
4410,0.068802773
5075,0.185985694
5865,0.188183528
6660,0.152908485
7245,-0.011345484
7340,0.030759348
265,0.129369817
780,0.010283994
1550,0.055898616
2620,0.087406649
3430,0.118788181
4095,0.170866071
4885,0.144308593
5680,0.147915692
6265,0.163578632
6360,-0.009853723
515,-0.000415704
1285,-0.040968867
2355,-0.039435278
3165,-0.018459268
3830,0.022579628
4620,-0.005194839
5415,-0.009140364
6000,-0.004052281
6095,-0.000167735
770,0.307232952
1840,0.297898718
2650,0.141775622
3315,0.182810206
4105,0.244306805
4900,0.307594611
5485,0.088590229
5580,0.049146416
1070,0.476243753
1880,0.213249487
2545,0.237596803
3335,0.308053277
4130,0.361105022
4715,0.102386066
4810,0.089998431
810,0.293415167
1475,0.377589175
2265,0.389329216
3060,0.501517639
3645,0.022365234
3740,0.135611622
665,0.313545176
1455,0.262474652
2250,0.311924721
2835,0.125245629
2930,0.131099894
790,0.588398724
1585,0.492266844
2170,0.142754901
2265,0.15703924
795,0.557546986
1380,0.192869064
1475,0.170212832
585,0.199391598
680,0.193228176
95,0.149208229
1350,0.116543144
2935,0.036708924
3810,-0.035224318
4225,0.05888036
4655,-0.025502476
5330,0.099811513
6500,0.041944642
7505,0.048390053
8350,-0.045642141
9115,0.01536778
9655,0.043036527
10300,0.003493582
10840,0.026644144
11075,0.003447706
11685,0.053077935
12500,0.066836777
13125,0.03079291
13955,0.025626593
1585,-0.006504834
2460,-0.031897002
2875,0.037375634
3305,0.087508897
3980,-0.086131792
5150,0.260476687
6155,0.014119248
7000,0.003296028
7765,0.167910948
8305,0.116514359
8950,-0.038751221
9490,-0.129635557
9725,-0.046254791
10335,0.029398209
11150,0.119529888
11775,0.064769808
12605,-0.036949245
875,0.270933556
1290,0.109671919
1720,0.115982386
2395,0.169180783
3565,0.020028615
4570,0.098227472
5415,0.004067838
6180,0.084387224
6720,0.058762845
7365,-0.040470471
7905,-0.049516185
8140,-0.046411851
8750,0.00501976
9565,0.059167465
10190,0.092684172
11020,0.086097588
415,0.136752478
845,0.122821696
1520,0.132712151
2690,0.041870423
3695,0.067000842
4540,0.057940464
5305,0.090483976
5845,0.080015964
6490,-0.067731251
7030,-0.053057387
7265,-0.0235616
7875,-0.012939017
8690,0.109460836
9315,0.083202492
10145,0.034718246
430,0.200196595
1105,0.369253306
2275,0.166916704
3280,0.164985077
4125,0.102772801
4890,0.183299315
5430,0.267640181
6075,0.0369171
6615,-0.105592484
6850,0.050892127
7460,0.165880594
8275,0.273381289
8900,0.126001607
9730,0.109946652
675,0.083554029
1845,0.228674504
2850,-0.00251132
3695,0.00279436
4460,0.263790938
5000,0.154749717
5645,-0.084620099
6185,-0.143583187
6420,-0.046646745
7030,0.085524974
7845,0.143070811
8470,0.126963665
9300,-7.60977E-05
1170,0.027851022
2175,0.162486956
3020,0.061871346
3785,0.290437717
4325,0.258556138
4970,0.072670431
5510,-0.183591245
5745,0.016415397
6355,0.067331279
7170,0.309256194
7795,0.080513487
8625,0.149230992
1005,0.056635989
1850,0.086506599
2615,0.474125239
3155,0.243942792
3800,0.031615608
4340,-0.189960005
4575,-0.003857705
5185,0.163524115
6000,0.243988698
6625,0.149353225
7455,0.01899303
845,0.138428581
1610,0.011652225
2150,0.122718954
2795,0.020957622
3335,-0.009263182
3570,0.077059638
4180,0.098755616
4995,0.104501548
5620,0.108784668
6450,0.08580273
765,0.092288467
1305,0.059065261
1950,-0.000569093
2490,-0.0536555
2725,0.016643053
3335,0.039255638
4150,0.084310175
4775,0.063972043
5605,0.034687011
540,0.380947585
1185,-0.127244138
1725,-0.458117485
1960,-0.119969572
2570,0.007145418
3385,0.404423104
4010,0.10828393
4840,-0.002061258
645,0.066157989
1185,-0.210832196
1420,0.015419422
2030,0.153800966
2845,0.257456298
3470,0.160595347
4300,0.043620368
540,0.185207279
775,0.094114927
1385,0.163501531
2200,-0.052678373
2825,-0.006559864
3655,0.040098929
235,0.218261945
845,0.061924738
1660,-0.255877737
2285,-0.046554537
3115,0.03046823
610,0.191093519
1425,0.050076407
2050,0.082331869
2880,-0.008330305
815,0.111373632
1440,0.038313288
2270,0.039151044
625,0.28158693
1455,0.06550339
830,0.147916346
495,0.526647408
830,0.388858033
1085,0.415299008
1850,0.382450576
2965,-0.267235973
3775,0.060240692
4495,-0.063374239
5560,0.012334608
6550,0.039457604
7085,0.021646891
7800,-0.084165693
8725,0.004433677
9155,-0.056825922
9875,-0.020537566
11365,-0.032331556
12550,-0.033164132
13190,-0.045708443
13855,-0.093878507
14420,-0.085498635
14600,-0.036480705
14780,-0.02501133
14965,-0.014428685
14990,-0.014600564
15245,-0.041397107
15665,-0.101234782
16185,-0.174471762
17015,-0.143354952
17960,0.005829451
19475,-0.062080602
21215,-0.00409261
22630,0.000537686
335,0.677899262
590,0.423474746
1355,0.399671772
2470,-0.113851026
3280,0.104452768
4000,0.072941484
5065,0.018416207
6055,0.068522982
6590,0.063137447
7305,0.063454807
8230,0.044179233
8660,-0.040005395
9380,0.039707353
10870,-0.012008835
12055,0.024482764
12695,-0.051968514
13360,-0.068757263
13925,-0.010081005
14105,-0.005991291
14285,0.073273347
14470,0.027567139
14495,0.076232368
14750,0.020320097
15170,0.002790853
15690,-0.035978367
16520,-0.020609245
17465,0.044197421
18980,0.057888708
20720,0.067472068
22135,0.028714447
255,0.339677404
1020,0.051629179
2135,-0.016523713
2945,0.108005907
3665,0.07315862
4730,0.019090075
5720,0.043222389
6255,0.015452102
6970,0.056706958
7895,0.061298888
8325,-0.016736136
9045,0.050412447
10535,0.013338238
11720,0.01643639
12360,-0.03005085
13025,-0.011880614
13590,0.003511023
13770,0.016446335
13950,0.034494371
14135,0.00949932
14160,0.016539464
14415,0.031884997
14835,0.007943708
15355,-0.021943075
16185,-0.003917524
17130,-0.017236204
18645,0.039776979
20385,0.076195939
21800,0.043829966
765,0.888584445
1880,-0.023308174
2690,0.209329143
3410,0.167170076
4475,0.038938017
5465,0.129858035
6000,0.142293318
6715,0.102856604
7640,0.170102269
8070,0.080516764
8790,0.092612299
10280,-0.01183059
11465,0.031353412
12105,-0.072368635
12770,0.02449677
13335,0.118752469
13515,0.076287262
13695,0.158572445
13880,0.058596907
13905,0.079954366
14160,0.097624789
14580,0.090746152
15100,0.068617505
15930,0.146100987
16875,0.114646943
18390,0.215919514
20130,0.161141752
21545,0.135707997
1115,-0.072381443
1925,0.167152405
2645,0.13439564
3710,0.028015635
4700,0.129309939
5235,0.155340511
5950,0.111735238
6875,0.142998002
7305,0.080367432
8025,0.070133304
9515,-0.028747493
10700,0.028388855
11340,-0.066907042
12005,0.002370549
12570,0.114279165
12750,0.052274497
12930,0.17164436
13115,0.057939201
13140,0.095606151
13395,0.096594743
13815,0.079424725
14335,0.064855964
15165,0.141326539
16110,0.10927347
17625,0.181405245
19365,0.132656073
20780,0.115758605
810,0.006141159
1530,0.227662317
2595,0.134236607
3585,0.057603802
4120,0.005438104
4835,0.18617361
5760,-0.00895806
6190,0.03630747
6910,0.076374272
8400,0.061879128
9585,0.088939722
10225,0.102652922
10890,0.440935564
11455,0.329239995
11635,0.255230478
11815,0.193312316
12000,0.080869275
12025,0.10438331
12280,0.146177083
12700,0.176346029
13220,0.338127219
14050,0.383924131
14995,-0.011198756
16510,0.181989305
18250,0.060624698
19665,0.093252663
720,0.462117572
1785,0.037264614
2775,-0.009501924
3310,0.050198661
4025,0.258203029
4950,0.124346648
5380,0.076598104
6100,0.03356099
7590,-0.013691171
8775,0.063417932
9415,-0.024730335
10080,0.110876649
10645,0.118922347
10825,0.009981981
11005,0.19626794
11190,0.12474299
11215,0.1298768
11470,0.133714947
11890,0.085760085
12410,0.141506761
13240,0.1344817
14185,0.102323969
15700,0.238483491
17440,0.206243843
18855,0.209240911
1065,0.104773301
2055,0.033743986
2590,0.11189035
3305,0.259012321
4230,0.128057472
4660,0.052291997
5380,0.104684835
6870,0.0321896
8055,0.104507527
8695,0.018570317
9360,0.15850204
9925,0.197860144
10105,0.097348514
10285,0.296151329
10470,0.108799251
10495,0.155020343
10750,0.185288519
11170,0.171792122
11690,0.186811126
12520,0.272809686
13465,0.131501934
14980,0.302426092
16720,0.208721133
18135,0.193140446
990,0.084236584
1525,-0.018577294
2240,0.079119251
3165,0.068529287
3595,-0.012789786
4315,0.054759502
5805,-0.054972009
6990,0.03842138
7630,0.01981531
8295,0.021750026
8860,0.018556094
9040,-0.018550429
9220,0.054138199
9405,0.068448657
9430,0.025182397
9685,0.072135947
10105,0.007625524
10625,0.0251614
11455,0.114593545
12400,0.051632256
13915,0.070175239
15655,0.046397825
17070,0.099557179
535,0.150988353
1250,0.096443901
2175,0.01252047
2605,-0.081307071
3325,0.009786791
4815,-0.043834206
6000,0.003661607
6640,-0.029259349
7305,-0.002751564
7870,0.045190501
8050,0.113431034
8230,0.084044955
8415,0.027505001
8440,0.025674617
8695,0.065108662
9115,0.100604564
9635,0.044687984
10465,0.068389915
11410,0.067777956
12925,0.027833539
14665,0.015719481
16080,0.041424112
715,0.191691902
1640,0.103684766
2070,-0.006475384
2790,0.013807159
4280,0.034894378
5465,0.098510402
6105,-0.008503399
6770,0.05233718
7335,0.076251123
7515,0.060595045
7695,0.125999674
7880,0.07943286
7905,0.077648748
8160,0.147822135
8580,0.07282727
9100,0.074885337
9930,0.117422606
10875,0.013888789
12390,0.103529652
14130,0.073585269
15545,0.055729641
925,0.269219089
1355,0.026494685
2075,0.096765722
3565,0.02422326
4750,0.146674865
5390,0.086815838
6055,0.173162145
6620,0.21427654
6800,0.070195591
6980,0.248546842
7165,0.135394584
7190,0.112735738
7445,0.190207909
7865,0.218472974
8385,0.265341123
9215,0.342839385
10160,0.118246261
11675,0.322690517
13415,0.224799203
14830,0.150472669
430,0.104991056
1150,0.070928794
2640,0.044420835
3825,0.078101968
4465,-0.020769054
5130,0.035830365
5695,0.102184839
5875,0.012793476
6055,0.123536968
6240,0.012474057
6265,0.061280789
6520,0.078431297
6940,0.110088813
7460,0.164230878
8290,0.207778913
9235,0.128868549
10750,0.236065567
12490,0.173963115
13905,0.129908967
720,0.158123551
2210,0.039272113
3395,-0.025708483
4035,-0.022391956
4700,0.001943511
5265,0.082642919
5445,0.045376797
5625,0.065483593
5810,0.042361405
5835,0.093697492
6090,0.04112347
6510,0.062966216
7030,0.086967039
7860,0.125338124
8805,0.052305979
10320,0.060823351
12060,0.029525923
13475,0.001737945
1490,0.173102945
2675,-0.00936804
3315,-0.005967149
3980,0.078318406
4545,0.036689507
4725,0.019977854
4905,0.095636023
5090,-0.004311914
5115,0.034494624
5370,0.083349533
5790,0.147230433
6310,0.143841043
7140,0.146224395
8085,0.09315414
9600,0.146111414
11340,0.103141697
12755,0.062386865
1185,0.149372323
1825,0.025728276
2490,0.029562241
3055,0.089686679
3235,-0.008447739
3415,0.035072576
3600,0.047783501
3625,0.063021898
3880,-0.000405951
4300,0.062412048
4820,0.078331926
5650,0.071824798
6595,0.012670096
8110,0.110420683
9850,0.018235097
11265,-0.012736191
640,0.109642621
1305,0.092102423
1870,0.076047244
2050,0.046940516
2230,0.088339888
2415,0.049520081
2440,0.008873789
2695,0.034539542
3115,-0.000268376
3635,0.076920179
4465,0.101539758
5410,0.078429149
6925,0.125693663
8665,0.062679127
10080,0.073929713
665,0.201276348
1230,0.011923798
1410,-0.001226171
1590,0.019971018
1775,-0.004091232
1800,-0.01182104
2055,-0.019143887
2475,0.001911187
2995,-0.015470401
3825,0.022504939
4770,-0.013441424
6285,0.017723581
8025,-0.012741113
9440,-0.04108379
565,0.329675725
745,0.200861595
925,0.239468063
1110,0.068540133
1135,0.093020158
1390,0.171096028
1810,0.104651071
2330,0.213115381
3160,0.188331004
4105,0.071270545
5620,0.195884933
7360,0.120482273
8775,0.099364646
180,0.304567166
360,0.289121324
545,0.0877493
570,0.151467465
825,0.162855317
1245,0.159269257
1765,0.294210124
2595,0.28076025
3540,0.117242647
5055,0.276233736
6795,0.114988319
8210,0.076827309
180,0.323120892
365,0.035671801
390,0.096868981
645,0.126044088
1065,0.069565675
1585,0.143480023
2415,0.11877976
3360,0.032198911
4875,0.091300133
6615,0.10300945
8030,-0.006336142
185,0.247041353
210,0.283642641
465,0.362258009
885,0.206065738
1405,0.18735457
2235,0.256549344
3180,0.127652263
4695,0.282824484
6435,0.276348427
7850,0.135237123
25,0.559996673
280,0.154611421
700,0.010502921
1220,0.109345733
2050,0.088158719
2995,0.038434231
4510,0.094044682
6250,0.121758005
7665,0.051972783
255,0.262173407
675,0.039408151
1195,0.144093003
2025,0.116444072
2970,0.034687594
4485,0.168707434
6225,0.177474034
7640,0.037560802
420,0.170094289
940,0.092775392
1770,0.220297204
2715,0.108506948
4230,0.182504404
5970,0.220024274
7385,0.095394538
520,0.274418215
1350,0.282871383
2295,0.131164456
3810,0.234314354
5550,0.17547937
6965,0.12567165
830,0.344897196
1775,0.143849581
3290,0.312958927
5030,0.22726239
6445,0.072944654
945,0.131942395
2460,0.355759721
4200,0.191246793
5615,0.195496124
1515,0.248006148
3255,0.165675587
4670,0.098256808
1740,0.356071977
3155,0.18932983
1415,0.229310143
1650,0.122647705
2920,0.247753058
5045,0.251916376
6700,0.318136773
8105,0.231300031
9805,0.19942541
1270,0.124522435
3395,0.054670402
5050,0.050169796
6455,0.098380412
8155,0.065755868
2125,0.202387318
3780,0.196754455
5185,0.256677211
6885,0.209152423
1655,0.294231697
3060,0.271826106
4760,0.278625741
1405,0.252170642
3105,0.279623273
1700,0.309901624
1400,0.082609138
2710,-0.01875401
5515,-0.007746399
8890,-0.023893977
12115,0.072333118
14670,0.030407784
15545,0.077296805
17150,0.055002592
18535,-0.010960057
19130,0.052429656
19810,0.065743074
20795,0.074658174
22920,-0.016133716
25235,0.052677986
25980,0.040840426
26570,-0.020529441
28045,-0.028168277
29210,0.00932824
30105,0.021571147
33600,0.055880126
36530,0.083456
37630,0.101617026
39340,0.057729379
40940,0.103227398
42260,0.143183304
42985,0.109381943
44090,0.103492845
45490,0.164945463
46500,-0.013889368
47330,0.15183589
1310,0.190124027
4115,0.061355848
7490,0.019655416
10715,0.023396249
13270,0.055934064
14145,0.03008168
15750,0.032337026
17135,-0.00107041
17730,-0.021723651
18410,0.000682553
19395,-0.015531044
21520,0.009284484
23835,0.013443606
24580,-7.87138E-05
25170,-0.008583684
26645,-0.020989794
27810,0.006577333
28705,0.001702822
32200,0.021835585
35130,0.002272523
36230,-0.015176793
37940,-0.000502708
39540,-0.026438639
40860,0.029337368
41585,0.014594255
42690,-0.010542346
44090,0.014325765
45100,0.011002947
45930,-0.020222728
2805,0.130596865
6180,-0.017988618
9405,-0.019447508
11960,0.011705571
12835,0.036737842
14440,-0.005686539
15825,-0.014516448
16420,0.009773553
17100,-0.017245189
18085,-0.057537473
20210,0.012964405
22525,-0.047668409
23270,0.014115661
23860,-0.036075597
25335,0.001769745
26500,0.033074382
27395,0.069431307
30890,0.029163788
33820,0.006749312
34920,-0.020297167
36630,0.003487273
38230,0.002000277
39550,0.003667286
40275,-0.029525532
41380,0.0060861
42780,-0.007060956
43790,-0.006479847
44620,0.003114524
3375,0.028696965
6600,0.044652895
9155,0.077225315
10030,0.007835489
11635,-0.005320031
13020,0.0337919
13615,-0.009386954
14295,0.0096899
15280,0.008974552
17405,0.01282767
19720,-0.006794617
20465,-0.04069241
21055,-0.015928557
22530,0.017798411
23695,-0.031283636
24590,-0.029827267
28085,-0.013569493
31015,-0.00081533
32115,0.03309146
33825,0.025490234
35425,-0.012344436
36745,0.001002038
37470,0.027248383
38575,0.122464607
39975,0.019907318
40985,0.002381358
41815,0.013488507
3225,0.131276127
5780,0.060075445
6655,0.035933233
8260,0.041611696
9645,-0.033496555
10240,-0.014847942
10920,-0.001957895
11905,-0.02152663
14030,-0.027979311
16345,0.037952028
17090,-0.043344917
17680,-0.072134214
19155,-0.00312246
20320,0.076598821
21215,0.043401344
24710,0.052314142
27640,0.068688343
28740,0.020694357
30450,0.060118067
32050,0.05151695
33370,0.079027775
34095,0.100947016
35200,0.055615206
36600,0.057465656
37610,0.031918179
38440,0.065778989
2555,0.226071995
3430,0.114607385
5035,0.019529985
6420,0.043697824
7015,0.054505624
7695,0.016853621
8680,0.046403092
10805,-0.028118084
13120,-0.062373061
13865,0.111768514
14455,0.034597398
15930,0.005311964
17095,-0.049515112
17990,-0.0417565
21485,-0.022578535
24415,-0.043164507
25515,-0.011264811
27225,0.049665356
28825,0.024783615
30145,-0.022624218
30870,0.015126842
31975,0.101899398
33375,0.022348678
34385,0.085504224
35215,0.041140623
875,0.239488027
2480,0.118519419
3865,0.038445355
4460,0.001062163
5140,-0.021625274
6125,0.051665443
8250,0.017324071
10565,0.013611815
11310,0.013428492
11900,0.008236297
13375,0.000972511
14540,0.002637063
15435,-0.033235637
18930,0.011574221
21860,0.008580377
22960,0.043384928
24670,0.031562154
26270,0.002547012
27590,0.007036169
28315,0.108476835
29420,0.072702541
30820,0.119874933
31830,0.031338308
32660,0.078592636
1605,0.181444607
2990,0.030993119
3585,0.058991198
4265,0.037661473
5250,0.048690807
7375,0.015375817
9690,-0.006850685
10435,-0.007778596
11025,-0.032675078
12500,-0.085287673
13665,-0.026404875
14560,-0.012840827
18055,-0.047005811
20985,0.013088225
22085,-0.031167863
23795,0.065988355
25395,0.018271178
26715,0.038499069
27440,0.097988617
28545,0.067635363
29945,0.160519647
30955,0.045051409
31785,0.165076995
1385,0.040272886
1980,-0.017502557
2660,0.068088308
3645,0.036199619
5770,-0.040746015
8085,0.068067743
8830,0.058714184
9420,0.019702861
10895,-0.036221522
12060,0.055236296
12955,0.032693592
16450,0.034537852
19380,0.113853508
20480,0.027493674
22190,-0.002435176
23790,0.007125102
25110,0.11765942
25835,0.100806956
26940,0.048616964
28340,0.186320559
29350,0.022013074
30180,0.154543593
595,0.198058271
1275,0.127646921
2260,0.034511855
4385,0.018899283
6700,-0.034717758
7445,-0.005373732
8035,0.032292005
9510,-0.00546403
10675,-0.14112656
11570,-0.065857391
15065,-0.023578009
17995,-0.126975742
19095,0.088201099
20805,0.047651479
22405,-0.074665809
23725,-0.068402773
24450,0.038129786
25555,0.093530318
26955,0.032907502
27965,0.08798602
28795,-0.007666878
680,0.314893709
1665,0.091283277
3790,0.010619675
6105,-0.074866706
6850,-0.006526268
7440,0.020559921
8915,-0.072413738
10080,-0.125697933
10975,0.010613618
14470,-0.006615031
17400,-0.159722191
18500,0.0375217
20210,0.069465797
21810,-0.047871321
23130,0.007313939
23855,0.031313502
24960,0.174583267
26360,0.093200539
27370,0.167870705
28200,0.051109931
985,0.100658311
3110,0.09379179
5425,-0.009584093
6170,-0.028036087
6760,-0.050705402
8235,-0.038333337
9400,-0.078521162
10295,-0.046094418
13790,-0.010249888
16720,-0.085817162
17820,-0.001185814
19530,0.013485624
21130,-0.007172942
22450,0.013465828
23175,0.043903845
24280,0.117432138
25680,0.0737203
26690,0.12154007
27520,0.089633321
2125,0.022195078
4440,0.015299958
5185,0.026232264
5775,-0.046087511
7250,-0.078754545
8415,-0.093010962
9310,0.007788426
12805,-0.012595095
15735,-0.022778027
16835,0.048184713
18545,-0.001126232
20145,0.033733976
21465,0.008985727
22190,-0.011683332
23295,0.096346437
24695,0.105704495
25705,-0.03673241
26535,0.12137598
2315,0.002186052
3060,0.093868011
3650,0.053131473
5125,0.000601087
6290,-0.03193009
7185,0.030591517
10680,-0.043684304
13610,-0.072530211
14710,-0.01296141
16420,0.011452411
18020,-0.018776471
19340,-0.036286469
20065,-0.032642724
21170,0.022229551
22570,-0.051942948
23580,0.05553478
24410,0.049565252
745,0.072899331
1335,0.115515812
2810,0.125818249
3975,0.173846105
4870,-0.014845459
8365,0.108096817
11295,0.178465065
12395,0.102390113
14105,0.000782653
15705,0.001888332
17025,0.075991866
17750,0.053756719
18855,-0.017608479
20255,0.024479535
21265,-0.046925037
22095,0.023322335
590,0.234201953
2065,0.056002018
3230,-0.021581683
4125,-0.016953876
7620,0.021026523
10550,-0.002263358
11650,0.035792229
13360,-0.010367601
14960,0.026356265
16280,0.009833765
17005,-0.017951562
18110,-0.025043236
19510,-0.043598364
20520,-0.001771659
21350,0.0198618
1475,0.337526003
2640,0.145694397
3535,0.013453749
7030,0.044421436
9960,-0.005753982
11060,0.036315625
12770,0.034159335
14370,-0.005934506
15690,0.017141145
16415,-0.077548062
17520,-0.028693062
18920,-0.057622551
19930,0.00376381
20760,-0.019342904
1165,0.465357728
2060,0.066185142
5555,0.051930773
8485,0.03582218
9585,0.032154804
11295,-0.018173854
12895,-0.026699101
14215,-0.038224897
14940,-0.009956801
16045,-0.043942479
17445,-0.075797366
18455,-0.009009343
19285,-0.048101495
895,0.110205735
4390,0.036092332
7320,0.183957851
8420,-0.022674297
10130,-0.050698354
11730,0.008919389
13050,0.042636834
13775,0.022998165
14880,-0.104246503
16280,0.01689996
17290,-0.052287882
18120,0.044793841
3495,-0.007938864
6425,0.009406321
7525,0.032043948
9235,0.080949868
10835,-0.001534171
12155,0.013751156
12880,-0.039880991
13985,0.00642819
15385,0.009469319
16395,0.00745211
17225,0.017684415
2930,0.244037195
4030,0.099812112
5740,0.037755475
7340,0.053107887
8660,0.004285447
9385,0.06864369
10490,0.021222381
11890,0.003640978
12900,-0.019618493
13730,-0.018866801
1100,0.01213745
2810,-0.072023869
4410,0.090378507
5730,0.11865834
6455,0.068087668
7560,-0.122542379
8960,0.122801317
9970,-0.063282535
10800,0.136774099
1710,0.331917673
3310,0.010150727
4630,0.040688639
5355,0.054981274
6460,0.032068597
7860,0.001849346
8870,-0.012649185
9700,0.070383996
1600,0.038400091
2920,0.005800944
3645,0.025100527
4750,0.058536718
6150,0.042789982
7160,0.094457472
7990,0.088497932
1320,0.22612409
2045,0.090212381
3150,0.033732294
4550,0.091031299
5560,-0.017280593
6390,0.128857823
725,0.208356361
1830,0.038850564
3230,0.167956415
4240,-0.003866203
5070,0.144908675
1105,0.197523339
2505,0.140977085
3515,0.118083578
4345,0.177796586
1400,0.28553596
2410,0.151451717
3240,0.109534245
1010,0.132033393
1840,0.267920284
830,0.144967387
1080,0.263873434
1415,0.021648398
2050,0.027460684
3565,0.013732749
4690,0.014207226
4965,-0.016782201
5405,0.053275829
5785,0.028251484
6355,0.060994392
7210,0.026354334
7745,0.035679841
8500,0.023916289
9195,-0.001312752
335,0.142115709
970,0.080147333
2485,0.000148451
3610,0.100367131
3885,0.123469406
4325,0.102564165
4705,0.043398199
5275,0.107611804
6130,0.031707792
6665,0.016604486
7420,0.041457671
8115,0.024202481
635,0.130653317
2150,0.060705766
3275,0.046223301
3550,0.021032168
3990,0.035610458
4370,-0.008420452
4940,0.039032171
5795,0.057051598
6330,0.033675965
7085,0.062599831
7780,0.056908019
1515,0.155051128
2640,0.068207397
2915,0.156857599
3355,0.162115231
3735,0.054628026
4305,0.046115328
5160,0.094446303
5695,0.148640448
6450,0.152292
7145,0.083384283
1125,0.282586422
1400,0.090004653
1840,0.189342644
2220,0.045380244
2790,0.170083704
3645,0.079579156
4180,0.150503133
4935,0.236026064
5630,0.066185177
275,0.315117738
715,0.332132182
1095,0.104954257
1665,0.286770359
2520,0.064834684
3055,0.248070681
3810,0.315604193
4505,0.125572091
440,0.185735715
820,0.095849803
1390,0.041943472
2245,0.04021679
2780,0.092969709
3535,0.155967255
4230,0.148017881
380,0.101936193
950,0.406673452
1805,0.259591425
2340,0.301309389
3095,0.339362566
3790,0.080158567
570,0.175432293
1425,0.064706744
1960,0.110854115
2715,0.082347103
3410,0.002862866
855,0.540709767
1390,0.442002271
2145,0.34153252
2840,0.061826232
535,0.550817375
1290,0.289858394
1985,0.04497863
755,0.476206171
1450,0.141369082
695,0.279426605
190,0.187915501
1140,0.009547541
2520,0.078781582
3210,0.119210153
3480,-0.020655084
3695,0.059559559
3910,-0.013621691
4355,-0.022285683
5845,0.062867447
7260,0.040019083
8160,0.105893371
9220,0.116240585
10280,0.094328444
11685,0.049057572
950,-0.121886724
2330,0.113304217
3020,0.199749503
3290,0.012763892
3505,-0.002206625
3720,0.056706802
4165,-0.005139492
5655,0.007718307
7070,-0.045471047
7970,0.023443813
9030,-0.015697484
10090,0.002782499
11495,0.042726082
1380,0.134885335
2070,0.042119067
2340,0.126283052
2555,0.032811112
2770,0.120388462
3215,0.141682633
4705,0.032997806
6120,0.024375832
7020,0.025408296
8080,0.125140182
9140,0.232171191
10545,0.072844557
690,0.452538179
960,0.071011988
1175,0.223673904
1390,0.030356451
1835,0.073477901
3325,0.077057247
4740,0.021594224
5640,0.151105455
6700,0.195529743
7760,0.126955378
9165,0.13424169
270,0.1415461
485,0.155751687
700,0.103761619
1145,0.032014655
2635,0.107592136
4050,0.002240137
4950,0.112055936
6010,0.219237762
7070,0.09958739
8475,0.05618063
215,0.054698895
430,0.242711329
875,0.089597264
2365,0.08461888
3780,0.086477068
4680,-0.052741682
5740,0.07680839
6800,0.241845185
8205,0.049441155
215,-0.014988684
660,0.123893172
2150,0.065337078
3565,0.012755517
4465,0.33011347
5525,0.161151061
6585,-0.109285554
7990,0.078544515
445,0.140398971
1935,0.074344577
3350,0.065307948
4250,-0.005924397
5310,0.279861535
6370,0.260832732
7775,0.026067839
1490,0.082433394
2905,0.0867672
3805,0.076368631
4865,0.160273999
5925,0.059811086
7330,0.035641225
1415,0.134180262
2315,0.067202783
3375,0.099338524
4435,0.142972853
5840,0.060429504
900,0.185657945
1960,0.144259638
3020,0.177205866
4425,0.074084185
1060,0.190569665
2120,0.023953866
3525,0.085584003
1060,0.35085434
2465,0.089050358
1405,0.196118406
315,0.491087992
950,0.050511449
1895,0.039225438
2530,0.103503358
2960,0.148197731
3730,0.216531896
4315,0.055216681
4900,0.27371503
5990,0.267747891
6730,0.234245654
6975,-0.022186968
7465,0.16777116
8410,0.128268127
9495,0.258641954
10250,0.064016261
10625,0.119044851
12240,0.223817049
635,0.099770551
1580,0.086260589
2215,0.212971259
2645,0.257445279
3415,0.268999855
4000,0.055454149
4585,0.290933112
5675,0.331016159
6415,0.119505308
6660,0.070287227
7150,0.234342599
8095,0.194499806
9180,0.329561585
9935,0.132892636
10310,0.238460833
11925,0.241131896
945,0.152417022
1580,0.140332643
2010,0.164159578
2780,0.096858025
3365,-0.005783276
3950,0.066191302
5040,0.123756603
5780,-0.040857458
6025,-0.029821024
6515,0.142918632
7460,0.12691694
8545,0.054497741
9300,-0.003194517
9675,0.036077419
11290,0.171961274
635,0.358759487
1065,0.227085781
1835,0.136279907
2420,0.003607975
3005,0.104842627
4095,0.161560842
4835,-0.005367051
5080,-0.025693719
5570,0.122650165
6515,0.044558609
7600,0.139237697
8355,0.02599924
8730,0.037654955
10345,0.19405797
430,0.371361162
1200,0.270465462
1785,0.082789692
2370,0.279144576
3460,0.366223409
4200,0.045610475
4445,-0.016070064
4935,0.27203367
5880,0.187988561
6965,0.246431874
7720,0.095947593
8095,0.09541247
9710,0.292138415
770,0.337481751
1355,0.004752031
1940,0.300690059
3030,0.623401055
3770,0.016981255
4015,-0.003755657
4505,0.329810588
5450,0.249630224
6535,0.328426283
7290,0.130660799
7665,0.116192474
9280,0.34593893
585,0.233328599
1170,0.392633313
2260,0.449976242
3000,0.149540591
3245,0.031326893
3735,0.284955333
4680,0.228599586
5765,0.265400476
6520,0.072453286
6895,0.145262636
8510,0.275980688
585,0.263617379
1675,0.096446219
2415,0.148968457
2660,0.034976959
3150,0.078038021
4095,0.027451703
5180,0.040443342
5935,0.016747627
6310,0.063630062
7925,-0.003734486
1090,0.576777141
1830,0.273823106
2075,0.008325113
2565,0.312180872
3510,0.19564522
4595,0.294776205
5350,0.136198994
5725,0.146098627
7340,0.228128403
740,0.142007629
985,0.023874558
1475,0.351299917
2420,0.284865056
3505,0.322783566
4260,0.128152694
4635,0.137338911
6250,0.398801254
245,0.095678796
735,0.027337495
1680,0.055702801
2765,0.145669339
3520,-0.001889428
3895,0.039544072
5510,0.060575653
490,0.020866369
1435,-0.004371513
2520,0.003847765
3275,-0.010449436
3650,0.083278295
5265,-0.06976274
945,0.184407247
2030,0.200867295
2785,0.054680562
3160,0.126391605
4775,0.256737731
1085,0.283871385
1840,0.110281
2215,0.094102056
3830,0.190806067
755,0.156029309
1130,0.149198453
2745,0.294591734
375,0.090599813
1990,0.045492718
1615,0.035589956
6150,0.096671208
6325,0.083584927
8320,-0.025730764
11330,-0.002726652
175,0.314187384
2170,-0.06175203
5180,-0.050050397
1995,0.089791965
5005,-0.010601459
3010,0.069322274
6105,0.789042561
18150,-0.062754913
26740,-0.082551041
30020,-0.032543251
32645,-0.053550848
33980,0.016131262
34625,-0.042593197
35485,-0.026013728
36220,-0.051894119
38090,0.008397748
40350,-0.00641526
41325,-0.032955195
42040,0.112836983
42805,-0.039163768
43730,-0.051051635
44720,-0.1042592
45485,0.129049913
46120,0.048874182
47525,0.058822298
48515,0.015187312
48680,-0.106316483
48900,-0.066880558
49295,0.001034289
49875,-0.064156998
50745,-0.022229252
51630,-0.026379381
52395,0.079704359
53160,-0.072528981
53955,0.177711065
54550,-0.102024299
54755,0.089981926
55635,-0.019443016
56935,-0.019320192
57640,-0.049786633
57960,0.052702225
12045,0.054588182
20635,-0.068501633
23915,-0.055428627
26540,-0.007029223
27875,0.036323603
28520,0.038984897
29380,-0.044249025
30115,-0.004362884
31985,-0.063883728
34245,-0.053579771
35220,-0.026191863
35935,0.074831606
36700,-0.01612735
37625,-0.051617583
38615,-0.089715533
39380,0.067684929
40015,-0.02602361
41420,-0.029527322
42410,0.025765248
42575,-0.045537983
42795,-0.077131356
43190,-0.039946758
43770,-0.010311279
44640,-0.051498484
45525,-0.028132424
46290,-0.039414953
47055,-0.116882607
47850,0.049732306
48445,-0.062646919
48650,-0.009485476
49530,-0.063335099
50830,-0.073704899
51535,-0.025920088
51855,0.041822215
8590,0.044782373
11870,0.015197534
14495,0.105211365
15830,-0.007527779
16475,0.052098827
17335,-0.033150877
18070,0.027309835
19940,-0.068504804
22200,0.072544324
23175,-0.015370097
23890,-0.093073583
24655,0.060778579
25580,0.006229037
26570,-0.010661531
27335,-0.035226946
27970,-0.100877716
29375,-0.114193202
30365,-0.032641679
30530,0.101522277
30750,0.006407085
31145,-0.052574365
31725,-0.017854317
32595,-0.089645059
33480,-0.129234563
34245,-0.10600271
35010,-0.042900243
35805,-0.124901087
36400,0.031796408
36605,-0.056241013
37485,-0.03666103
38785,-0.107196101
39490,-0.013009301
39810,-0.076144322
3280,0.154994999
5905,0.247408324
7240,-0.024814876
7885,0.032363046
8745,0.257582283
9480,0.30356891
11350,0.017048147
13610,-0.047413493
14585,-0.017861455
15300,0.072093494
16065,0.021436316
16990,-0.014700701
17980,0.049662333
18745,0.00754658
19380,-0.023026919
20785,-0.157179507
21775,0.142095604
21940,0.021138009
22160,0.034129118
22555,-0.024396559
23135,-0.044733723
24005,0.243400298
24890,-0.029480544
25655,0.081351491
26420,-0.020610934
27215,-0.066915719
27810,0.119564731
28015,-0.001931148
28895,0.104182871
30195,0.05177187
30900,0.111991595
31220,0.154736773
2625,0.196183149
3960,0.011412882
4605,-0.019941148
5465,0.058702653
6200,0.068025638
8070,-0.028582419
10330,0.025616701
11305,-0.009397813
12020,0.012154597
12785,-0.022673892
13710,0.035725601
14700,-0.006985298
15465,0.052658867
16100,-0.013413704
17505,-0.03775992
18495,0.048110248
18660,-0.024682996
18880,-0.009100542
19275,0.001485484
19855,-0.021317099
20725,0.05463413
21610,0.019858112
22375,0.052014781
23140,-0.01027224
23935,-0.016861406
24530,0.019202788
24735,0.012132721
25615,0.005991522
26915,-0.029924472
27620,0.0116511
27940,0.029784997
1335,0.175766664
1980,0.020696214
2840,0.189783113
3575,0.258702325
5445,-0.075386447
7705,-0.112589909
8680,-0.057622274
9395,0.105748855
10160,0.093191135
11085,-0.069390419
12075,-0.220215499
12840,0.145396448
13475,-0.116232251
14880,-0.143148533
15870,0.083990838
16035,0.055292522
16255,-0.002235117
16650,-0.081920982
17230,-0.074598757
18100,0.098837504
18985,-0.078491545
19750,-0.082911813
20515,-0.113547437
21310,-0.18594744
21905,0.034824069
22110,-0.066588041
22990,-0.042340591
24290,-0.045464123
24995,0.01888822
25315,0.094890475
645,0.18196727
1505,-0.00042833
2240,-0.00910862
4110,0.041043304
6370,-0.048386049
7345,0.019515942
8060,0.092417323
8825,0.07966215
9750,-0.000441638
10740,-0.165980669
11505,0.081487723
12140,-0.041994882
13545,0.149300809
14535,-0.014976409
14700,0.067183533
14920,0.012280663
15315,0.038799485
15895,0.065309867
16765,0.056319306
17650,0.081655517
18415,0.083941545
19180,-0.039916099
19975,0.032949008
20570,-0.04704423
20775,0.053156796
21655,-0.011066852
22955,0.104726527
23660,-0.075839452
23980,-0.071772661
860,0.054627592
1595,-0.004961425
3465,0.014496238
5725,0.072462184
6700,0.066893854
7415,0.034981337
8180,0.061622827
9105,0.02127288
10095,0.000895986
10860,0.048773783
11495,0.009822238
12900,0.046167781
13890,-0.002633608
14055,0.021037347
14275,-0.015227338
14670,0.056269289
15250,0.044903473
16120,0.001178899
17005,0.026186582
17770,0.075841936
18535,0.011329603
19330,0.084719872
19925,0.008429138
20130,0.054227505
21010,0.021998434
22310,0.06336625
23015,0.004881814
23335,-0.013555481
735,0.363515252
2605,0.040002606
4865,-0.006399264
5840,0.038358808
6555,0.129570199
7320,-0.052999522
8245,0.032352083
9235,-0.022317767
10000,0.100584906
10635,-0.023390702
12040,-0.163029622
13030,0.077640904
13195,0.005653351
13415,0.026939511
13810,-0.114851687
14390,-0.045220631
15260,0.142130715
16145,-0.048036294
16910,0.047606027
17675,-0.005821842
18470,-0.035723471
19065,0.042682146
19270,0.107124392
20150,0.10570473
21450,0.055297574
22155,0.10820308
22475,0.144395568
1870,0.022778807
4130,0.003717702
5105,-0.019006075
5820,-0.031374487
6585,0.078468485
7510,0.03809794
8500,0.088287737
9265,0.024258954
9900,0.004250307
11305,-0.137555082
12295,0.133092163
12460,0.138758554
12680,0.049901924
13075,0.025726203
13655,-0.03567725
14525,0.156268298
15410,-0.091514886
16175,-0.031440744
16940,-0.000894951
17735,-0.089886201
18330,0.112936088
18535,-0.036421513
19415,0.099680464
20715,0.058595164
21420,0.1396715
21740,0.097003485
2260,0.156475236
3235,-0.012534392
3950,0.011912024
4715,0.053205834
5640,0.11677367
6630,0.168172888
7395,0.018045475
8030,0.136436846
9435,0.271990703
10425,0.035285002
10590,0.071028988
10810,0.045538304
11205,0.260282184
11785,0.170288305
12655,0.360486146
13540,0.21327067
14305,0.346022086
15070,0.226128163
15865,0.325790589
16460,0.281532667
16665,0.254649945
17545,0.343963916
18845,0.362026606
19550,0.151275428
19870,0.059119394
975,0.182580453
1690,-0.080778694
2455,0.011064345
3380,0.071310635
4370,0.148755406
5135,-0.048398961
5770,0.059614201
7175,0.081720754
8165,-0.043117631
8330,0.019366039
8550,0.007284302
8945,0.053151925
9525,0.03322161
10395,0.045260696
11280,0.038331233
12045,0.061066679
12810,0.091528975
13605,0.081519257
14200,0.060836579
14405,0.042901156
15285,0.071126357
16585,0.055514802
17290,0.071650141
17610,-0.038990526
715,0.108165548
1480,0.099613604
2405,0.027329087
3395,0.071705715
4160,0.009547516
4795,0.018982729
6200,0.063798297
7190,-0.011728155
7355,-0.001068124
7575,-0.000675234
7970,0.030844255
8550,0.031033538
9420,0.012044659
10305,0.053621077
11070,0.125241767
11835,0.044182384
12630,0.054436387
13225,0.014316159
13430,0.020952831
14310,0.00834794
15610,0.07956737
16315,0.065645347
16635,0.020680298
765,0.105882679
1690,-0.018039938
2680,-0.200097996
3445,0.21037708
4080,0.043400096
5485,0.008335846
6475,0.064323611
6640,-0.112663349
6860,-0.109653302
7255,-0.041167718
7835,0.019735077
8705,0.059429741
9590,0.097306573
10355,0.051936841
11120,-0.125479798
11915,0.112053755
12510,-0.104785649
12715,0.060340126
13595,-0.005326522
14895,0.024050494
15600,-0.056547205
15920,0.227917487
925,0.159564895
1915,0.00964619
2680,0.081903145
3315,0.073761551
4720,0.293099496
5710,0.071601164
5875,0.16719602
6095,0.039778995
6490,0.206118879
7070,0.021225732
7940,0.114673397
8825,0.133601455
9590,0.101931939
10355,0.021556363
11150,0.057004436
11745,0.13781424
11950,-0.018925823
12830,0.065420896
14130,0.091152068
14835,0.002320589
15155,0.023377995
990,0.217953714
1755,-0.012918679
2390,0.126737228
3795,0.14125328
4785,0.020179768
4950,0.002558001
5170,-0.043417944
5565,0.105988354
6145,0.044186917
7015,0.065039631
7900,0.112909456
8665,0.055937731
9430,0.135528891
10225,0.127020695
10820,0.031827658
11025,0.046320597
11905,0.104077887
13205,0.123153041
13910,0.068969114
14230,0.00115492
765,-0.146956281
1400,0.154028676
2805,0.069567732
3795,-0.013189709
3960,0.213438983
4180,0.165465087
4575,0.088413021
5155,0.05215266
6025,0.089500552
6910,0.064146612
7675,0.139591495
8440,0.250018774
9235,0.120378818
9830,0.205723594
10035,0.097273254
10915,0.204742572
12215,0.215917533
12920,0.25086211
13240,-0.048392065
635,0.172858095
2040,0.018697312
3030,0.016620734
3195,-0.07008043
3415,-0.04159703
3810,0.039757159
4390,0.028329919
5260,0.056498966
6145,0.033201992
6910,0.058197284
7675,-0.097734325
8470,0.06853373
9065,-0.043652592
9270,0.071390475
10150,0.022019268
11450,-0.008443265
12155,-0.094528531
12475,0.113791931
1405,0.20010565
2395,0.016590112
2560,0.010674007
2780,0.037282478
3175,0.217983681
3755,0.145334558
4625,0.168575467
5510,0.166377763
6275,0.18135064
7040,0.07079926
7835,0.206913335
8430,0.063091661
8635,0.093400143
9515,0.097570827
10815,0.113806331
11520,0.041751438
11840,0.065730613
990,0.112768555
1155,0.097861262
1375,0.081770002
1770,0.347264204
2350,0.215736081
3220,0.290166217
4105,0.393117763
4870,0.293749282
5635,0.163408827
6430,0.32512063
7025,0.106598961
7230,0.171346408
8110,0.148339509
9410,0.345810253
10115,0.020941301
10435,-0.003154492
165,0.093890809
385,-0.00653978
780,0.007939488
1360,0.012245367
2230,0.14670759
3115,0.074091786
3880,0.060328329
4645,-0.034144583
5440,0.086380782
6035,0.078337724
6240,0.029820405
7120,0.043906629
8420,-0.005346771
9125,0.00527763
9445,0.081817989
220,0.412353098
615,0.13611489
1195,0.012671702
2065,0.081144202
2950,0.022963322
3715,0.05659323
4480,0.173494794
5275,-0.037738012
5870,0.190210484
6075,0.039495803
6955,0.062844449
8255,0.136174013
8960,0.164598315
9280,-0.117949624
395,0.119102881
975,0.037218783
1845,0.078488062
2730,-0.011446441
3495,0.091392002
4260,0.138246126
5055,0.012279955
5650,0.142664026
5855,0.047950698
6735,0.067500817
8035,0.105725339
8740,0.094757013
9060,-0.052597818
580,0.195918725
1450,0.262887005
2335,0.202149917
3100,0.31828771
3865,0.212831543
4660,0.291922064
5255,0.185288741
5460,0.077839304
6340,0.113258332
7640,0.254612803
8345,0.012218648
8665,0.030793053
870,0.166703069
1755,0.137097755
2520,0.193206566
3285,0.115170132
4080,0.187610088
4675,0.036034618
4880,0.125321438
5760,0.115308081
7060,0.21774558
7765,0.070263526
8085,0.041874929
885,0.377674843
1650,0.335526111
2415,0.142466454
3210,0.295979354
3805,0.236726252
4010,0.157281022
4890,0.332915714
6190,0.368354354
6895,0.122980423
7215,0.134867649
765,0.332140773
1530,0.09496835
2325,0.316609515
2920,0.139601732
3125,0.167565718
4005,0.109208256
5305,0.282061389
6010,0.058806994
6330,0.127771371
765,0.284278272
1560,0.346896566
2155,0.231720613
2360,0.276777201
3240,0.212456913
4540,0.392172705
5245,0.154543012
5565,0.051173925
795,0.135048594
1390,0.165124329
1595,0.079050637
2475,0.140780998
3775,0.190839893
4480,0.134543293
4800,-0.08157748
595,0.179539932
800,0.249032903
1680,0.165811583
2980,0.228616901
3685,0.023154853
4005,0.107172351
205,0.303219007
1085,0.146982349
2385,0.148985347
3090,0.216886978
3410,0.010934027
880,0.218198528
2180,0.225241873
2885,0.149290659
3205,0.007728836
1300,0.524427645
2005,0.130933333
2325,0.064709295
705,0.224553104
1025,0.011849378
320,0.077740159
1435,0.215423819
1765,0.154355172
2845,0.08600066
4445,0.12067563
5945,0.219525585
8560,0.258901174
11010,0.265078841
11725,0.149829771
11995,0.191061838
12465,-0.0270644
330,0.31854823
1410,0.029931624
3010,0.309619447
4510,0.206665158
7125,0.165997418
9575,0.188819672
10290,0.236624292
10560,0.184281651
11030,0.011659406
1080,0.103882176
2680,0.29216666
4180,0.214667012
6795,0.117366938
9245,0.13096357
9960,0.213115408
10230,0.106220012
10700,-0.000655478
1600,0.147961055
3100,0.056238226
5715,0.084699309
8165,0.152686976
8880,0.125323467
9150,0.123311825
9620,-0.020512748
1500,0.281933499
4115,0.147841667
6565,0.198833103
7280,0.324529896
7550,0.229970277
8020,0.008717489
2615,0.192880256
5065,0.154004562
5780,0.185538499
6050,0.128836039
6520,0.044313353
2450,0.334539715
3165,0.15067135
3435,0.218648586
3905,0.035384304
715,0.455013236
985,0.40470564
1455,0.019234693
270,0.470975496
740,0.023336886
470,0.091491835
